{"cameraMode":{"drawMode":0,"name":"Shaded","section":"Shading Mode"},"sceneLighting":true,"audioPlay":false,"sceneViewState":{"m_AlwaysRefresh":false,"showFog":true,"showSkybox":true,"showFlares":true,"showImageEffects":true,"showParticleSystems":true,"showVisualEffectGraphs":true,"m_FxEnabled":true},"in2DMode":false,"pivot":{"x":-2.5477139949798586,"y":0.06715011596679688,"z":-3.0927140712738039},"rotation":{"x":0.07530873268842697,"y":0.39735138416290285,"z":-0.03273960202932358,"w":0.9139868021011353},"size":0.7320988178253174,"orthographic":false}